{"cameraMode":{"drawMode":0,"name":"Shaded","section":"Shading Mode"},"sceneLighting":true,"audioPlay":false,"sceneViewState":{"m_AlwaysRefresh":false,"showFog":true,"showSkybox":true,"showFlares":true,"showImageEffects":true,"showParticleSystems":true,"showVisualEffectGraphs":true,"m_FxEnabled":true},"in2DMode":false,"pivot":{"x":-0.388657808303833,"y":-0.04756426811218262,"z":-0.015857458114624025},"rotation":{"x":-0.06978902220726013,"y":0.8652642369270325,"z":-0.1257404237985611,"w":-0.4802503287792206},"size":3.007394790649414,"orthographic":false}